{
  "id": "",
  "name": "",
  "font_family": "iconfont",
  "css_prefix_text": "icon-",
  "description": "",
  "glyphs": [
    {
      "icon_id": "1435",
      "name": "下拉",
      "font_class": "xiala",
      "unicode": "f01fa",
      "unicode_decimal": 983546
    },
    {
      "icon_id": "5747654",
      "name": "search",
      "font_class": "search",
      "unicode": "e72a",
      "unicode_decimal": 59178
    },
    {
      "icon_id": "8289055",
      "name": "VIP",
      "font_class": "VIP",
      "unicode": "e876",
      "unicode_decimal": 59510
    },
    {
      "icon_id": "9928501",
      "name": "play",
      "font_class": "play",
      "unicode": "e655",
      "unicode_decimal": 58965
    }
  ]
}
